-- phpMyAdmin SQL Dump
-- version 5.2.1
-- https://www.phpmyadmin.net/
--
-- Host: 127.0.0.1
-- Generation Time: Jul 23, 2024 at 11:00 AM
-- Server version: 10.4.32-MariaDB
-- PHP Version: 8.2.12

SET SQL_MODE = "NO_AUTO_VALUE_ON_ZERO";
START TRANSACTION;
SET time_zone = "+00:00";


/*!40101 SET @OLD_CHARACTER_SET_CLIENT=@@CHARACTER_SET_CLIENT */;
/*!40101 SET @OLD_CHARACTER_SET_RESULTS=@@CHARACTER_SET_RESULTS */;
/*!40101 SET @OLD_COLLATION_CONNECTION=@@COLLATION_CONNECTION */;
/*!40101 SET NAMES utf8mb4 */;

--
-- Database: `sdb`
--

-- --------------------------------------------------------

--
-- Table structure for table `accounts`
--

CREATE TABLE `accounts` (
  `id` int(11) NOT NULL,
  `username` varchar(50) NOT NULL,
  `password` varchar(255) NOT NULL,
  `level` int(3) NOT NULL,
  `email` varchar(100) NOT NULL,
  `active` int(11) NOT NULL DEFAULT 0
) ENGINE=InnoDB DEFAULT CHARSET=utf8 COLLATE=utf8_general_ci;

--
-- Dumping data for table `accounts`
--

INSERT INTO `accounts` (`id`, `username`, `password`, `level`, `email`, `active`) VALUES
(1, 'admin', '$2y$10$8CgBmbiX6kUkjK/.DjuD5ul0snfCHzGvgKHfx8k9zezUEyBqCi.L6', 1, 'hackenbecker@gmail.com', 1),
(6, 'user1', '$2y$10$h2o/ugGrMBgQI1rLfjAH6uIqVbUV5eG0YRc7jDCd3B3wS88Ugj3di', 2, 'anon@email.com', 1);

-- --------------------------------------------------------

--
-- Table structure for table `all_string`
--

CREATE TABLE `all_string` (
  `string_id` int(11) NOT NULL,
  `brand` varchar(50) NOT NULL,
  `notes` varchar(500) NOT NULL,
  `type` varchar(50) NOT NULL,
  `sportid` int(5) NOT NULL
) ENGINE=InnoDB DEFAULT CHARSET=utf8mb4 COLLATE=utf8mb4_general_ci;

--
-- Dumping data for table `all_string`
--

INSERT INTO `all_string` (`string_id`, `brand`, `notes`, `type`, `sportid`) VALUES
(1, 'Yonex', '0.68mm Gauge Excellent repulsion', 'BG80', 1),
(2, 'Yonex', '0.65mm Gauge Repulsion control and durability', 'Exbolt 65', 1),
(3, 'Yonex', '0.65mm Gauge Power, touch and durability', 'BG66 Ultimax', 1),
(4, 'Ashaway', '0.70mm Gauge Ultimate durability for club level players', 'Rally 21 Fire', 1),
(5, 'Yonex', '0.72mm Gauge & 0.61mm Maximum control and repulsion', 'Aerobite Boost', 1),
(6, 'Owner', 'Owner supplied string', 'Supplied', 1),
(7, 'Tecnifibre', 'Advantages of this string being precision and comfort. Particularly beneficial for heavy string breakers.', 'Razor Soft 18/1.20', 2),
(8, 'Tecnifibre ', ' Best options for experienced players looking for maximum control on full swings', 'Razor Soft 17/1.25', 2),
(9, 'Tecnifibre', 'Provides shock absorption and optimum comfort', 'X-One Biphase 17/1.24', 2),
(10, 'Head', ' The RIP CONTROL is designed for tournament or club players and offers maximum playability and control', 'Rip Control', 2),
(11, 'Head', '1.2m guague', 'Hawk', 2),
(12, 'Yonex', '0.66mm Gauge', 'Nanogy 98', 1),
(13, 'Ashaway', '0.69mm Gauge', 'Zymax 69 Fire', 1),
(14, 'Yonex', '0.70mm Gauge', 'BG65 Ti', 1),
(15, 'Prince', 'All round playability and value', 'Synthetic Gut w/Duraflex', 2),
(16, 'Tecnifibre', 'Comfort, power, feel', 'NRG2', 2),
(17, 'Babolat', 'Maximum comfort, power, feel, tension maintenance', 'Touch VS', 2),
(18, 'Wilson', 'Maximum possibilities, fewer trade-offs', 'Champion\'s Choice', 2),
(19, 'Solinco', 'Control', 'Tour Bite', 2),
(20, 'WeissCannon', 'Spin', 'Ultra Cable', 2),
(21, 'Wilson', 'Control', 'NXT', 2),
(23, 'Ashaway', '0.66mm Gauge Excellent feel an repulsion ', 'Zymax 66 Fire Power', 1),
(24, 'Yonex', '0.68mm Gauge Amplified power and sharp feel', 'BG80 Power', 1),
(26, 'Yonex ', '0.68 Guague ', 'Exbolt68', 1),
(27, 'Tecnifibre', '1.20mm Gauge', '305', 3),
(28, 'Tecnifibre', '1.15mm gauge', 'Dynamix', 3),
(29, 'Ashaway', '18 Gauge', 'PowerNick', 3);

-- --------------------------------------------------------

--
-- Table structure for table `customer`
--

CREATE TABLE `customer` (
  `cust_ID` int(5) NOT NULL,
  `Name` varchar(100) NOT NULL,
  `Notes` varchar(500) NOT NULL,
  `Email` varchar(100) NOT NULL,
  `Mobile` varchar(20) NOT NULL,
  `pref_string` int(6) NOT NULL,
  `pref_stringc` int(6) NOT NULL,
  `tension` varchar(5) NOT NULL,
  `tensionc` varchar(5) NOT NULL,
  `prestretch` varchar(5) NOT NULL,
  `racketid` int(10) NOT NULL,
  `discount` int(3) NOT NULL DEFAULT 0
) ENGINE=InnoDB DEFAULT CHARSET=utf8mb4 COLLATE=utf8mb4_general_ci;

--
-- Dumping data for table `customer`
--

INSERT INTO `customer` (`cust_ID`, `Name`, `Notes`, `Email`, `Mobile`, `pref_string`, `pref_stringc`, `tension`, `tensionc`, `prestretch`, `racketid`, `discount`) VALUES
(1, 'Chris Jones', '', '', '', 2, 0, '25', '0', '0', 1, 0),
(2, 'James O\'Connor', '', '', '', 5, 0, '27', '0', '0', 2, 0),
(3, 'Ashley Smith', '', '', '', 1, 1, '30', '0', '0', 8, 0),
(4, 'Barry Marshall', '', '', '', 3, 0, '28', '0', '0', 0, 0),
(5, 'Ben Smith', '', '', '', 1, 0, '28', '0', '0', 0, 0),
(6, 'Bradley O\'connor', '', '', '', 6, 0, '29', '0', '0', 1, 0),
(7, 'Chris ', '', '', '', 0, 0, '24', '0', '0', 0, 0),
(8, 'Clive', 'Next restring £2 off', '', '', 0, 0, '25', '0', '0', 0, 0),
(9, 'Craig', '', '', '', 0, 0, '24', '0', '0', 0, 0),
(10, 'Damien', '', '', '', 0, 0, '26', '0', '0', 0, 0),
(11, 'Damon', '', '', '', 0, 0, '27', '0', '0', 0, 0),
(12, 'Dan', '', '', '', 0, 0, '24', '0', '0', 0, 0),
(13, 'Darren Jones', '', '', '', 0, 0, '25', '0', '0', 0, 0),
(14, 'Dave Webb', '', '', '', 0, 0, '26', '0', '0', 0, 0),
(15, 'Nick', '', '', '', 0, 0, '25', '0', '0', 0, 0),
(16, 'Fay', '', '', '', 0, 0, '51', '0', '0', 0, 0),
(17, 'Gary', '', '', '', 0, 0, '25', '0', '0', 0, 0),
(18, 'Gerald', '', '', '', 0, 0, '26', '0', '0', 0, 0),
(19, 'Hannah', '', '', '', 0, 0, '25', '0', '0', 0, 0),
(20, 'James Hannley', '', '', '', 0, 0, '24', '0', '0', 0, 0),
(21, 'James Thompson', '', '', '', 0, 0, '55', '0', '0', 0, 0),
(22, 'Jeanette Long', '', '', '', 0, 0, '25', '0', '0', 0, 0),
(23, 'John Baker', '', '', '', 0, 0, '25', '0', '0', 0, 0),
(24, 'Jon Smith', '', '', '', 0, 0, '25', '0', '0', 0, 0),
(25, 'Josh Stevens', '', '', '', 0, 0, '24', '0', '0', 0, 0),
(26, 'Kevin ', '', '', '', 0, 0, '24', '0', '0', 0, 0),
(27, 'Lara', '', '', '', 0, 0, '25', '0', '0', 0, 0),
(28, 'Martin', '', '', '', 1, 0, '24', '0', '0', 0, 0),
(29, 'Martin Thompson ', '', '', '', 0, 0, '26', '0', '0', 0, 0),
(30, 'Michael ', '', '', '', 0, 0, '25', '0', '0', 0, 0),
(31, 'N.Brooks', '', '', '', 0, 0, '26', '0', '0', 0, 0),
(32, 'Olly', '', '', '', 0, 0, '24', '0', '0', 0, 0),
(33, 'Richard Harrison', '', '', '', 0, 0, '25', '0', '0', 0, 0),
(34, 'Rob', '', '', '', 0, 0, '23', '0', '0', 0, 0),
(35, 'Robin Smith', '', '', '', 0, 0, '24', '0', '0', 0, 0),
(36, 'Rohit', '', '', '', 0, 0, '24', '0', '0', 0, 0),
(37, 'Sarah Jones', '', '', '', 0, 0, '25', '0', '0', 0, 0),
(38, 'Sarwar', '', '', '', 0, 0, '26', '0', '0', 0, 0),
(39, 'Simon', '', '', '', 0, 0, '24', '0', '0', 0, 0),
(40, 'Stephen', '', '', '', 0, 0, '22', '0', '0', 0, 0),
(41, 'Steve Page', '', '', '', 0, 0, '24', '0', '0', 0, 0),
(42, 'Stuart', '', '', '', 0, 0, '26', '0', '0', 0, 0),
(43, 'Tom', '', '', '', 0, 0, '25', '0', '0', 0, 0),
(44, 'Tom Marshall', '', '', '', 0, 0, '28', '0', '0', 0, 0),
(45, 'Tony', '', '', '', 0, 0, '27', '0', '0', 0, 0),
(46, 'Vinay', '', '', '', 0, 0, '29', '0', '0', 0, 0),
(47, 'Matt Thomas', '', '', '', 0, 0, '25', '0', '0', 0, 0),
(48, 'Dan', '', '', '', 0, 0, '26', '0', '0', 0, 0),
(49, 'Hugh', '', '', '', 0, 0, '55', '35', '0', 34, 20),
(50, 'Kingsley', '', '', '', 4, 0, '26', '35', '0', 39, 0),
(52, 'Mark ', '', '', '07835369754', 11, 0, '55', '55', '0', 40, 0);

-- --------------------------------------------------------

--
-- Table structure for table `grip`
--

CREATE TABLE `grip` (
  `gripid` int(11) NOT NULL,
  `Price` varchar(6) NOT NULL,
  `type` varchar(40) NOT NULL
) ENGINE=InnoDB DEFAULT CHARSET=utf8mb4 COLLATE=utf8mb4_general_ci;

--
-- Dumping data for table `grip`
--

INSERT INTO `grip` (`gripid`, `Price`, `type`) VALUES
(2, '5', 'Yonex Grap');

-- --------------------------------------------------------

--
-- Table structure for table `images`
--

CREATE TABLE `images` (
  `id` int(11) NOT NULL,
  `image` longblob NOT NULL
) ENGINE=InnoDB DEFAULT CHARSET=utf8mb4 COLLATE=utf8mb4_unicode_ci;

-- --------------------------------------------------------

--
-- Table structure for table `rackets`
--

CREATE TABLE `rackets` (
  `racketid` int(7) NOT NULL,
  `manuf` varchar(50) NOT NULL,
  `model` varchar(50) NOT NULL,
  `pattern` varchar(255) NOT NULL,
  `sport` int(3) NOT NULL
) ENGINE=InnoDB DEFAULT CHARSET=utf8mb4 COLLATE=utf8mb4_general_ci;

--
-- Dumping data for table `rackets`
--

INSERT INTO `rackets` (`racketid`, `manuf`, `model`, `pattern`, `sport`) VALUES
(1, 'Victor', 'Thruster F', '', 1),
(2, 'Victor', 'Jetspeed S12', '', 1),
(3, 'Victor', 'Bravesword 1', '', 1),
(4, 'Yonex', '88D Pro', '', 1),
(5, 'Yonex', '88S Pro', '', 1),
(6, 'Yonex', 'Arcsabre', '', 1),
(7, 'Yonex', 'Astrox 77', '', 1),
(8, 'Yonex', '88S', '', 1),
(9, 'Yonex', 'Duora', '', 1),
(10, 'Apacs', 'Ziggler', '', 1),
(11, 'Ashaway', 'Quantum Q5', '', 1),
(12, 'Yonex', 'Arcsabre FD', '', 1),
(13, 'Ashaway', 'Vtc force', '', 1),
(14, 'Yonex', 'Voltric Z Force', '', 1),
(15, 'Carlton', 'Airstream', '', 1),
(16, 'Apacs', 'Wave 10', '', 1),
(17, 'Carlton', 'Attack 200', '', 1),
(18, 'Carlton', 'Fury', '', 1),
(19, 'Carlton', 'Kenesis XT', '', 1),
(20, 'Victor', 'Bravesword LYD', '', 1),
(21, 'Yonex', 'Astrox force', '', 1),
(22, 'Yonex', 'Cab 20', '', 1),
(23, 'Yonex', 'Duora Strike', '', 1),
(24, 'Yonex', 'Muscle power', '', 1),
(25, 'Yonex', 'Nano Flare', '', 1),
(26, 'Yonex', 'Nanoray 900', '', 1),
(27, 'Yonex', 'Nano Speed', '', 1),
(28, 'Yonex', 'Voltric 50 Neo', '', 1),
(29, 'Yonex', 'Z Force 2', '', 1),
(30, 'Yonex', 'Arcsabre 001', '', 1),
(31, 'Gosen', 'Gungnir 07R', '', 1),
(32, 'Victor', 'Bravesword 1800', 'https://dancewithbirdie.files.wordpress.com/2018/06/stringpattern.pdf', 1),
(33, 'Head', 'Heat 1G', '', 2),
(34, 'Wilson', 'Pro-Staff 61-90', '', 2),
(35, 'Head', 'Prestige pro 200', '', 2),
(36, 'Yonex', 'Ezone98', '', 2),
(37, 'Yonex', 'Astrox Smash', '', 1),
(38, 'Wilson ', 'Pro-Staff 90', '', 2),
(39, 'Apacs', 'Woven power', '', 1),
(40, 'Head', 'Extreme MPL 600', '', 2),
(41, 'Yonex', 'Astrox 100 ZZ', '', 1),
(42, 'Prince', 'Vortex Elite 600', '', 3),
(43, 'Generic', 'Tennis Racket', '', 2),
(44, 'Generic', 'Badminton Racket', '', 1),
(45, 'Generic', 'Squash Racket', '', 3);

-- --------------------------------------------------------

--
-- Table structure for table `reel_lengths`
--

CREATE TABLE `reel_lengths` (
  `reel_length_id` int(3) NOT NULL,
  `length` int(4) NOT NULL,
  `warning_level` int(4) NOT NULL,
  `sport` int(3) NOT NULL
) ENGINE=InnoDB DEFAULT CHARSET=utf8mb4 COLLATE=utf8mb4_general_ci;

--
-- Dumping data for table `reel_lengths`
--

INSERT INTO `reel_lengths` (`reel_length_id`, `length`, `warning_level`, `sport`) VALUES
(1, 200, 16, 1),
(3, 110, 10, 3),
(4, 10, 1, 1),
(5, 12, 1, 2),
(6, 220, 16, 2),
(7, 9, 1, 3),
(8, 200, 15, 2);

-- --------------------------------------------------------

--
-- Table structure for table `settings`
--

CREATE TABLE `settings` (
  `id` int(5) NOT NULL,
  `description` varchar(20) NOT NULL,
  `value` varchar(5) NOT NULL
) ENGINE=InnoDB DEFAULT CHARSET=utf8mb4 COLLATE=utf8mb4_general_ci;

--
-- Dumping data for table `settings`
--

INSERT INTO `settings` (`id`, `description`, `value`) VALUES
(2, 'currency', '3');

-- --------------------------------------------------------

--
-- Table structure for table `sport`
--

CREATE TABLE `sport` (
  `sportid` int(4) NOT NULL,
  `sportname` varchar(50) NOT NULL,
  `string_length_per_racket` int(3) NOT NULL,
  `image` varchar(100) NOT NULL
) ENGINE=InnoDB DEFAULT CHARSET=utf8mb4 COLLATE=utf8mb4_general_ci;

--
-- Dumping data for table `sport`
--

INSERT INTO `sport` (`sportid`, `sportname`, `string_length_per_racket`, `image`) VALUES
(1, 'Badminton', 10, 'shuttle.png'),
(2, 'Tennis', 12, 'tennis.png'),
(3, 'Squash', 9, 'squash.png');

-- --------------------------------------------------------

--
-- Table structure for table `string`
--

CREATE TABLE `string` (
  `stringid` int(5) NOT NULL,
  `stock_id` varchar(50) NOT NULL,
  `string_number` varchar(4) NOT NULL,
  `Owner_supplied` varchar(3) NOT NULL,
  `purchase_date` varchar(10) NOT NULL,
  `note` varchar(100) NOT NULL,
  `reel_no` int(6) NOT NULL,
  `reel_price` varchar(6) NOT NULL,
  `racket_price` varchar(5) NOT NULL,
  `empty` int(1) NOT NULL,
  `lengthid` int(5) NOT NULL
) ENGINE=InnoDB DEFAULT CHARSET=utf8mb4 COLLATE=utf8mb4_general_ci;

--
-- Dumping data for table `string`
--

INSERT INTO `string` (`stringid`, `stock_id`, `string_number`, `Owner_supplied`, `purchase_date`, `note`, `reel_no`, `reel_price`, `racket_price`, `empty`, `lengthid`) VALUES
(1, '1', '23', 'no', '05/05/2024', '', 1, '98', '17', 1, 1),
(2, '2', '20.5', 'no', '03/04/2023', '', 1, '114', '18', 1, 1),
(3, '3', '8', 'no', '10/04/2024', 'Yonex Ultimax Yellow', 1, '88', '17', 0, 1),
(4, '4', '16', 'no', '05/04/2024', 'Ashaway Rally 21 Fire White', 1, '47', '15', 0, 1),
(5, '5', '14', 'yes', '10/03/2023', 'James reel', 1, '0', '12', 0, 1),
(6, '5', '17', 'yes', '10/04/2023', 'Brad\'s reel', 1, '0', '12', 0, 1),
(7, '6', '6', 'yes', '01/01/2023', 'Owner supplied string', 1, '0', '12', 0, 1),
(8, '7', '1', 'yes', '12/06/2024', '', 1, '0', '12', 1, 5),
(9, '8', '2', 'yes', '12/06/2024', '', 1, '0', '12', 1, 5),
(10, '9', '1', 'yes', '12/06/2024', '', 1, '0', '12', 1, 5),
(11, '10', '1', 'yes', '25/06/2024', '', 1, '0', '12', 0, 8),
(12, '11', '0', 'yes', '15/07/2024', '', 1, '0', '12', 0, 3),
(13, '1', '2', 'no', '18/07/2024', '0.68 Gauge', 2, '125', '15', 0, 1),
(14, '2', '0', 'no', '22/07/2024', '', 2, '250', '24', 0, 4),
(15, '4', '0', 'no', '23/07/2024', '', 2, '125', '15', 0, 4),
(16, '19', '0', 'no', '23/07/2024', '', 1, '125', '15', 0, 8),
(17, '29', '1', 'no', '23/07/2024', '', 1, '125', '15', 0, 3);

-- --------------------------------------------------------

--
-- Table structure for table `stringjobs`
--

CREATE TABLE `stringjobs` (
  `job_id` int(10) NOT NULL,
  `customerid` int(10) NOT NULL,
  `stringid` int(10) NOT NULL,
  `stringidc` int(10) NOT NULL,
  `racketid` int(10) DEFAULT NULL,
  `collection_date` varchar(11) NOT NULL,
  `delivery_date` varchar(11) NOT NULL,
  `pre_tension` varchar(6) NOT NULL,
  `tension` varchar(2) NOT NULL,
  `tensionc` varchar(2) NOT NULL,
  `price` varchar(8) NOT NULL,
  `grip_required` varchar(3) DEFAULT NULL,
  `paid` varchar(7) NOT NULL,
  `delivered` varchar(3) NOT NULL,
  `comments` varchar(500) NOT NULL,
  `free_job` varchar(3) NOT NULL,
  `imageid` int(10) NOT NULL,
  `addedby` int(11) NOT NULL DEFAULT 1
) ENGINE=InnoDB DEFAULT CHARSET=utf8mb4 COLLATE=utf8mb4_general_ci;

--
-- Dumping data for table `stringjobs`
--

INSERT INTO `stringjobs` (`job_id`, `customerid`, `stringid`, `stringidc`, `racketid`, `collection_date`, `delivery_date`, `pre_tension`, `tension`, `tensionc`, `price`, `grip_required`, `paid`, `delivered`, `comments`, `free_job`, `imageid`, `addedby`) VALUES
(1, 42, 4, 0, 0, '06/05/2023', '27/04/2023', '0', '26', '0', '15', '0', '1', '1', '', '0', 0, 1),
(2, 4, 3, 0, 0, '06/05/2023', '26/04/2023', '0', '24', '0', '17', '0', '1', '1', '', '0', 0, 1),
(3, 29, 4, 0, 0, '07/05/2023', '08/04/2023', '0', '26', '0', '15', '0', '1', '1', '', '0', 0, 1),
(4, 38, 3, 0, 0, '10/05/2023', '17/05/2023', '0', '27', '0', '17', '0', '1', '1', '', '0', 0, 1),
(5, 38, 3, 0, 0, '10/05/2023', '17/05/2023', '0', '26', '0', '17', '0', '1', '1', '', '0', 0, 1),
(6, 10, 2, 0, 0, '11/05/2023', '09/05/2023', '0', '26', '0', '24', '0', '1', '1', '', '0', 0, 1),
(7, 10, 3, 0, 0, '11/05/2023', '09/05/2023', '0', '26', '0', '17', '0', '1', '1', '', '0', 0, 1),
(8, 10, 3, 0, 0, '11/05/2023', '09/05/2023', '0', '26', '0', '17', '0', '1', '1', '', '0', 0, 1),
(9, 1, 2, 0, 32, '19/05/2023', '19/05/2023', '0', '27', '0', '0', '0', '1', '1', '', '1', 0, 1),
(10, 1, 2, 0, 32, '27/05/2023', '27/05/2023', '0', '27', '0', '0', '0', '1', '1', '', '1', 0, 1),
(11, 22, 4, 0, 0, '30/05/2023', '01/06/2023', '0', '25', '0', '15', '0', '1', '1', '', '0', 0, 1),
(12, 48, 4, 0, 0, '30/05/2023', '01/06/2023', '0', '26', '0', '15', '0', '1', '1', '', '0', 0, 1),
(13, 17, 4, 0, 0, '01/06/2023', '08/06/2023', '0', '25', '0', '15', '0', '1', '1', '', '0', 0, 1),
(14, 17, 4, 0, 0, '01/06/2023', '08/06/2023', '0', '25', '0', '15', '0', '1', '1', '', '0', 0, 1),
(15, 6, 7, 0, 0, '04/06/2023', '11/06/2023', '0', '29', '0', '12', '0', '1', '1', '', '0', 0, 1),
(16, 1, 2, 0, 32, '08/06/2023', '08/06/2023', '0', '27', '0', '0', '0', '1', '1', '', '1', 0, 1),
(17, 5, 7, 0, 0, '08/06/2023', '15/06/2023', '0', '25', '0', '12', '0', '1', '1', '', '0', 0, 1),
(18, 4, 3, 0, 0, '13/06/2023', '20/06/2023', '0', '24', '0', '17', '0', '1', '1', '', '0', 0, 1),
(19, 21, 4, 0, 0, '22/06/2023', '29/06/2023', '0', '26', '0', '15', '0', '1', '1', '', '0', 0, 1),
(20, 29, 4, 0, 0, '22/06/2023', '29/06/2023', '0', '24', '0', '15', '0', '1', '1', '', '0', 0, 1),
(21, 29, 4, 0, 0, '22/06/2023', '29/06/2023', '0', '26', '0', '15', '0', '1', '1', '', '0', 0, 1),
(22, 21, 7, 0, 0, '22/06/2023', '29/06/2023', '0', '56', '0', '12', '0', '1', '1', '', '0', 0, 1),
(23, 21, 7, 0, 0, '22/06/2023', '29/06/2023', '0', '56', '0', '12', '0', '1', '1', '', '0', 0, 1),
(24, 1, 2, 0, 32, '23/06/2023', '26/06/2023', '0', '27', '0', '0', '0', '1', '1', '', '1', 0, 1),
(25, 32, 4, 0, 0, '23/06/2023', '30/06/2023', '0', '24', '0', '15', '0', '1', '1', '', '0', 0, 1),
(26, 42, 3, 0, 0, '24/06/2023', '29/06/2023', '0', '26', '0', '17', '0', '1', '1', '', '0', 0, 1),
(27, 41, 1, 0, 0, '26/06/2023', '26/06/2023', '0', '24', '0', '15', '0', '1', '1', '', '0', 0, 1),
(28, 7, 3, 0, 0, '29/06/2023', '29/06/2023', '0', '24', '0', '17', '0', '1', '1', '', '0', 0, 1),
(29, 45, 7, 0, 0, '29/06/2023', '29/06/2023', '0', '56', '0', '12', '0', '1', '1', '', '0', 0, 1),
(30, 21, 7, 0, 0, '06/07/2023', '07/07/2023', '0', '54', '0', '12', '0', '1', '1', '', '0', 0, 1),
(31, 21, 7, 0, 0, '06/07/2023', '07/07/2023', '0', '54', '0', '12', '0', '1', '1', '', '0', 0, 1),
(32, 21, 7, 0, 0, '06/07/2023', '07/07/2023', '0', '26', '0', '12', '0', '1', '1', '', '0', 0, 1),
(33, 41, 1, 0, 0, '10/07/2023', '12/07/2023', '0', '24', '0', '15', '0', '1', '1', '', '0', 0, 1),
(34, 39, 3, 0, 0, '10/07/2023', '12/07/2023', '0', '24', '0', '17', '0', '1', '1', '', '0', 0, 1),
(35, 29, 4, 0, 0, '20/07/2023', '21/07/2023', '0', '24', '0', '15', '0', '1', '1', '', '0', 0, 1),
(36, 25, 3, 0, 0, '20/07/2023', '27/07/2023', '0', '24', '0', '17', '0', '1', '1', '', '0', 0, 1),
(37, 29, 3, 0, 0, '20/07/2023', '21/07/2023', '0', '24', '0', '17', '0', '1', '1', '', '0', 0, 1),
(38, 27, 4, 0, 0, '20/07/2023', '27/07/2023', '0', '25', '0', '15', '0', '1', '1', '', '0', 0, 1),
(39, 29, 1, 0, 0, '20/07/2023', '21/07/2023', '0', '26', '0', '15', '0', '1', '1', '', '0', 0, 1),
(40, 24, 4, 0, 0, '20/07/2023', '27/07/2023', '0', '25', '0', '15', '0', '1', '1', '', '0', 0, 1),
(41, 24, 4, 0, 0, '20/07/2023', '27/07/2023', '0', '25', '0', '15', '0', '1', '1', '', '0', 0, 1),
(42, 11, 3, 0, 0, '24/07/2023', '28/07/2023', '0', '27', '0', '17', '0', '1', '1', '', '0', 0, 1),
(43, 21, 7, 0, 0, '25/07/2023', '26/07/2023', '0', '53', '0', '12', '0', '1', '1', '', '0', 0, 1),
(44, 21, 7, 0, 0, '25/07/2023', '26/07/2023', '0', '53', '0', '12', '0', '1', '1', '', '0', 0, 1),
(45, 4, 3, 0, 0, '27/07/2023', '01/08/2023', '0', '25', '0', '17', '0', '1', '1', '', '0', 0, 1),
(46, 33, 3, 0, 0, '01/08/2023', '02/08/2023', '0', '25', '0', '17', '0', '1', '1', '', '0', 0, 1),
(47, 33, 3, 0, 0, '01/08/2023', '02/08/2023', '0', '25', '0', '17', '0', '1', '1', '', '0', 0, 1),
(48, 38, 1, 0, 0, '02/08/2023', '09/08/2023', '0', '26', '0', '15', '0', '1', '1', '', '0', 0, 1),
(49, 1, 2, 0, 32, '08/08/2023', '09/08/2023', '0', '27', '0', '0', '0', '1', '1', '', '1', 0, 1),
(50, 43, 3, 0, 0, '08/08/2023', '09/08/2023', '0', '25', '0', '17', '0', '1', '1', '', '0', 0, 1),
(51, 8, 3, 0, 0, '21/08/2023', '24/08/2023', '0', '25', '0', '17', '0', '1', '1', '', '0', 0, 1),
(52, 2, 7, 0, 0, '21/08/2023', '24/08/2023', '0', '27', '0', '12', '0', '1', '1', '', '0', 0, 1),
(53, 23, 1, 0, 0, '21/08/2023', '24/08/2023', '0', '25', '0', '15', '0', '1', '1', '', '0', 0, 1),
(54, 30, 7, 0, 0, '22/08/2023', '23/08/2023', '0', '28', '0', '12', '0', '1', '1', '', '0', 0, 1),
(55, 12, 7, 0, 0, '22/08/2023', '25/08/2023', '0', '52', '0', '12', '0', '1', '1', '', '0', 0, 1),
(56, 46, 2, 0, 0, '22/08/2023', '23/08/2023', '0', '29', '0', '24', '0', '1', '1', '', '0', 0, 1),
(57, 46, 2, 0, 0, '22/08/2023', '23/08/2023', '0', '29', '0', '24', '0', '1', '1', '', '0', 0, 1),
(58, 46, 2, 0, 0, '22/08/2023', '23/08/2023', '0', '29', '0', '24', '0', '1', '1', '', '0', 0, 1),
(59, 46, 2, 0, 0, '30/08/2023', '31/08/2023', '0', '29', '0', '24', '0', '1', '1', '', '0', 0, 1),
(60, 11, 3, 0, 0, '01/09/2023', '04/09/2023', '0', '27', '0', '17', '0', '1', '1', '', '0', 0, 1),
(61, 38, 1, 0, 0, '01/09/2023', '04/09/2023', '0', '26', '0', '15', '0', '1', '1', '', '0', 0, 1),
(62, 6, 6, 0, 0, '03/09/2023', '05/09/2023', '0', '29', '0', '15', '0', '1', '1', '', '0', 0, 1),
(63, 6, 6, 0, 0, '03/09/2023', '05/09/2023', '0', '29', '0', '15', '0', '1', '1', '', '0', 0, 1),
(64, 3, 1, 0, 0, '03/09/2023', '05/09/2023', '0', '30', '0', '15', '0', '1', '1', '', '0', 0, 1),
(65, 23, 1, 0, 0, '03/09/2023', '05/09/2023', '0', '25', '0', '15', '0', '1', '1', '', '0', 0, 1),
(66, 23, 1, 0, 0, '03/09/2023', '05/09/2023', '0', '25', '0', '15', '0', '1', '1', '', '0', 0, 1),
(67, 40, 4, 0, 0, '15/09/2023', '15/09/2023', '0', '22', '0', '15', '0', '1', '1', '', '0', 0, 1),
(68, 40, 4, 0, 0, '15/09/2023', '15/09/2023', '0', '22', '0', '15', '0', '1', '1', '', '0', 0, 1),
(69, 14, 4, 0, 0, '21/09/2023', '28/09/2023', '0', '26', '0', '15', '0', '1', '1', '', '0', 0, 1),
(70, 31, 4, 0, 0, '21/09/2023', '28/09/2023', '0', '26', '0', '15', '0', '1', '1', '', '0', 0, 1),
(71, 8, 1, 0, 0, '26/09/2023', '28/09/2023', '0', '25', '0', '15', '0', '1', '1', '', '0', 0, 1),
(72, 4, 3, 0, 0, '27/09/2023', '04/10/2023', '0', '25', '0', '17', '0', '1', '1', '', '0', 0, 1),
(73, 9, 3, 0, 0, '27/09/2023', '04/10/2023', '0', '24', '0', '17', '0', '1', '1', '', '0', 0, 1),
(74, 1, 2, 0, 32, '29/09/2023', '29/09/2023', '0', '25', '0', '0', '0', '1', '1', '', '1', 0, 1),
(75, 1, 2, 0, 32, '29/09/2023', '29/09/2023', '0', '25', '0', '0', '0', '1', '1', '', '1', 0, 1),
(76, 1, 2, 0, 32, '29/09/2023', '29/09/2023', '0', '25', '0', '0', '0', '1', '1', '', '1', 0, 1),
(77, 16, 7, 0, 0, '02/10/2023', '03/10/2023', '0', '51', '0', '12', '0', '1', '1', '', '0', 0, 1),
(78, 13, 1, 0, 0, '17/10/2023', '21/10/2023', '0', '25', '0', '15', '0', '1', '1', '', '0', 0, 1),
(79, 6, 6, 0, 0, '17/10/2023', '21/10/2023', '0', '29', '0', '15', '0', '1', '1', '', '0', 0, 1),
(80, 2, 7, 0, 0, '17/10/2023', '21/10/2023', '0', '27', '0', '12', '0', '1', '1', '', '0', 0, 1),
(81, 42, 3, 0, 0, '26/10/2023', '02/11/2023', '0', '26', '0', '17', '0', '1', '1', '', '0', 0, 1),
(82, 1, 2, 0, 32, '26/10/2023', '30/09/2023', '0', '25', '0', '0', '0', '1', '1', '', '1', 0, 1),
(83, 4, 3, 0, 0, '31/10/2023', '02/11/2023', '0', '26', '0', '17', '0', '1', '1', '', '0', 0, 1),
(84, 45, 7, 0, 0, '03/11/2023', '07/11/2023', '0', '52', '0', '12', '0', '1', '1', '', '0', 0, 1),
(85, 45, 7, 0, 0, '03/11/2023', '07/11/2023', '0', '52', '0', '12', '0', '1', '1', '', '0', 0, 1),
(86, 37, 4, 0, 0, '05/11/2023', '07/11/2023', '0', '25', '0', '15', '0', '1', '1', '', '0', 0, 1),
(87, 37, 4, 0, 0, '05/11/2023', '07/11/2023', '0', '25', '0', '15', '0', '1', '1', '', '0', 0, 1),
(88, 3, 1, 0, 0, '05/11/2023', '07/11/2023', '0', '30', '0', '15', '0', '1', '1', '', '0', 0, 1),
(89, 41, 1, 0, 0, '09/11/2023', '16/11/2023', '0', '24', '0', '15', '0', '1', '1', '', '0', 0, 1),
(90, 29, 3, 0, 0, '09/11/2023', '16/11/2023', '0', '24', '0', '17', '0', '1', '1', '', '0', 0, 1),
(91, 29, 3, 0, 0, '09/11/2023', '16/11/2023', '0', '24', '0', '17', '0', '1', '1', '', '0', 0, 1),
(92, 12, 7, 0, 0, '09/11/2023', '12/11/2023', '0', '24', '0', '12', '0', '1', '1', '', '0', 0, 1),
(93, 24, 4, 0, 0, '09/11/2023', '16/11/2023', '0', '25', '0', '15', '0', '1', '1', '', '0', 0, 1),
(94, 6, 6, 0, 0, '10/11/2023', '11/11/2023', '0', '28', '0', '15', '0', '1', '1', '', '0', 0, 1),
(95, 44, 3, 0, 0, '13/11/2023', '16/11/2023', '0', '28', '0', '17', '0', '1', '1', '', '0', 0, 1),
(96, 2, 5, 0, 0, '14/11/2023', '17/11/2023', '0', '27', '0', '12', '0', '1', '1', '', '0', 0, 1),
(97, 3, 1, 0, 0, '14/11/2023', '17/11/2023', '0', '30', '0', '15', '0', '1', '1', '', '0', 0, 1),
(98, 3, 1, 0, 0, '14/11/2023', '17/11/2023', '0', '30', '0', '15', '0', '1', '1', '', '0', 0, 1),
(99, 21, 7, 0, 0, '17/11/2023', '18/11/2023', '0', '54', '0', '12', '0', '1', '1', '', '0', 0, 1),
(100, 21, 7, 0, 0, '17/11/2023', '18/11/2023', '0', '54', '0', '12', '0', '1', '1', '', '0', 0, 1),
(101, 39, 3, 0, 0, '20/11/2023', '27/11/2023', '0', '24', '0', '17', '0', '1', '1', '', '0', 0, 1),
(102, 2, 5, 0, 0, '26/11/2023', '27/11/2023', '0', '27', '0', '12', '0', '1', '1', '', '0', 0, 1),
(103, 41, 1, 0, 0, '27/11/2023', '29/11/2023', '0', '24', '0', '15', '0', '1', '1', '', '0', 0, 1),
(104, 30, 7, 0, 0, '27/11/2023', '27/11/2023', '0', '25', '0', '12', '0', '1', '1', '', '0', 0, 1),
(105, 29, 4, 0, 0, '01/12/2023', '07/12/2023', '0', '24', '0', '15', '0', '1', '1', '', '0', 0, 1),
(106, 24, 4, 0, 0, '07/12/2023', '08/12/2023', '0', '25', '0', '15', '0', '1', '1', '', '1', 0, 1),
(107, 38, 1, 0, 0, '11/12/2023', '18/12/2023', '0', '26', '0', '15', '0', '1', '1', '', '0', 0, 1),
(108, 29, 4, 0, 0, '15/12/2023', '17/12/2023', '0', '24', '0', '15', '0', '1', '1', '', '0', 0, 1),
(109, 21, 7, 0, 0, '15/12/2023', '22/11/2023', '0', '53', '0', '12', '0', '1', '1', '', '0', 0, 1),
(110, 21, 7, 0, 0, '15/12/2023', '22/11/2023', '0', '53', '0', '12', '0', '1', '1', '', '0', 0, 1),
(111, 1, 4, 0, 32, '15/12/2023', '16/12/2023', '0', '22', '0', '0', '0', '1', '1', 'Junior racket', '1', 0, 1),
(112, 29, 4, 0, 0, '04/01/2024', '11/01/2024', '0', '24', '0', '15', '0', '1', '1', '', '0', 0, 1),
(113, 34, 4, 0, 0, '04/01/2024', '11/01/2024', '0', '23', '0', '15', '0', '1', '1', '', '0', 0, 1),
(114, 32, 4, 0, 0, '05/01/2024', '12/01/2024', '0', '23', '0', '15', '0', '1', '1', '', '0', 0, 1),
(115, 44, 3, 0, 0, '05/01/2024', '08/01/2024', '0', '28', '0', '17', '0', '1', '1', '', '0', 0, 1),
(116, 1, 2, 0, 32, '10/01/2024', '11/01/2024', '0', '25', '0', '0', '0', '1', '1', '', '1', 0, 1),
(117, 44, 3, 0, 0, '12/01/2024', '18/01/2024', '0', '28', '0', '17', '0', '1', '1', '', '0', 0, 1),
(118, 42, 3, 0, 0, '14/01/2024', '18/01/2024', '0', '26', '0', '17', '0', '1', '1', '', '0', 0, 1),
(119, 42, 3, 0, 0, '14/01/2024', '18/01/2024', '0', '26', '0', '17', '0', '1', '1', '', '0', 0, 1),
(120, 18, 7, 0, 0, '16/01/2024', '18/01/2024', '0', '26', '0', '12', '0', '1', '1', '', '0', 0, 1),
(121, 6, 6, 0, 0, '16/01/2024', '20/01/2024', '0', '28', '0', '15', '0', '1', '1', '', '0', 0, 1),
(122, 2, 5, 0, 0, '16/01/2024', '18/01/2024', '0', '27', '0', '12', '0', '1', '1', '', '0', 0, 1),
(123, 29, 4, 0, 0, '18/01/2024', '25/01/2024', '0', '24', '0', '15', '0', '1', '1', '', '0', 0, 1),
(124, 29, 4, 0, 0, '18/01/2024', '25/01/2024', '0', '24', '0', '15', '0', '1', '1', '', '0', 0, 1),
(125, 29, 4, 0, 0, '18/01/2024', '25/01/2024', '0', '24', '0', '15', '0', '1', '1', '', '0', 0, 1),
(126, 35, 4, 0, 0, '18/01/2024', '25/01/2024', '0', '24', '0', '15', '0', '1', '1', '', '0', 0, 1),
(127, 15, 1, 0, 0, '23/01/2024', '26/01/2023', '0', '25', '0', '15', '0', '1', '1', '', '0', 0, 1),
(128, 6, 6, 0, 0, '23/01/2024', '25/01/2024', '0', '28', '0', '15', '0', '1', '1', '', '0', 0, 1),
(129, 6, 6, 0, 0, '23/01/2024', '25/01/2024', '0', '28', '0', '15', '0', '1', '1', '', '0', 0, 1),
(130, 41, 3, 0, 0, '24/01/2024', '26/01/2024', '0', '24', '0', '17', '0', '1', '1', '', '0', 0, 1),
(131, 13, 1, 0, 0, '30/01/2024', '31/01/2024', '0', '25', '0', '15', '0', '1', '1', '', '0', 0, 1),
(132, 26, 4, 0, 0, '30/01/2024', '31/01/2024', '0', '24', '0', '15', '0', '1', '1', '', '0', 0, 1),
(133, 6, 6, 0, 0, '30/01/2024', '31/01/2024', '0', '28', '0', '15', '0', '1', '1', '', '0', 0, 1),
(134, 23, 1, 0, 0, '30/01/2024', '31/01/2024', '0', '25', '0', '15', '0', '1', '1', '', '0', 0, 1),
(135, 45, 7, 0, 0, '02/02/2024', '07/02/2024', '0', '27', '0', '12', '0', '1', '1', '', '0', 0, 1),
(136, 44, 3, 0, 0, '02/02/2024', '07/02/2024', '0', '28', '0', '17', '0', '1', '1', '', '0', 0, 1),
(137, 44, 3, 0, 0, '02/02/2024', '07/02/2024', '0', '28', '0', '17', '0', '1', '1', '', '0', 0, 1),
(138, 19, 4, 0, 0, '07/02/2024', '08/02/2024', '0', '25', '0', '15', '0', '1', '1', '', '0', 0, 1),
(139, 4, 3, 0, 0, '07/02/2024', '08/02/2024', '0', '28', '0', '17', '0', '1', '1', '', '0', 0, 1),
(140, 1, 2, 0, 32, '14/02/2024', '15/02/2024', '0', '25', '0', '0', '0', '1', '1', '', '1', 0, 1),
(141, 47, 3, 0, 0, '15/02/2024', '22/02/2024', '0', '25', '0', '17', '0', '1', '1', '', '0', 0, 1),
(142, 29, 3, 0, 0, '15/02/2024', '22/02/2024', '0', '26', '0', '17', '0', '1', '1', '', '0', 0, 1),
(143, 21, 7, 0, 0, '21/02/2024', '21/02/2024', '0', '54', '0', '12', '0', '1', '1', '', '0', 0, 1),
(144, 21, 7, 0, 0, '21/02/2024', '21/02/2024', '0', '54', '0', '12', '0', '1', '1', '', '0', 0, 1),
(145, 38, 1, 0, 0, '26/02/2024', '04/03/2024', '0', '26', '0', '15', '0', '1', '1', '', '0', 0, 1),
(146, 28, 1, 0, 0, '27/02/2024', '28/02/2024', '0', '24', '0', '15', '0', '1', '1', '', '0', 0, 1),
(147, 13, 1, 0, 0, '03/03/2024', '09/03/2024', '0', '25', '0', '15', '0', '1', '1', '', '0', 0, 1),
(148, 6, 6, 0, 0, '03/03/2024', '09/03/2024', '0', '28', '0', '15', '0', '1', '1', '', '0', 0, 1),
(149, 2, 5, 0, 0, '03/03/2024', '09/03/2024', '0', '27', '0', '12', '0', '1', '1', '', '0', 0, 1),
(150, 3, 1, 0, 0, '03/03/2024', '09/03/2024', '0', '30', '0', '15', '0', '1', '1', '', '0', 0, 1),
(151, 3, 1, 0, 0, '03/03/2024', '09/03/2024', '0', '30', '0', '15', '0', '1', '1', '', '0', 0, 1),
(152, 3, 1, 0, 0, '03/03/2024', '09/03/2024', '0', '30', '0', '15', '0', '1', '1', '', '0', 0, 1),
(153, 22, 4, 0, 0, '03/03/2024', '09/03/2024', '0', '25', '0', '15', '0', '1', '1', '', '0', 0, 1),
(154, 1, 2, 0, 32, '09/03/2024', '09/03/2024', '0', '25', '0', '0', '0', '1', '1', '', '1', 0, 1),
(155, 44, 3, 0, 0, '11/03/2024', '14/03/2024', '0', '28', '0', '17', '0', '1', '1', '', '0', 0, 1),
(156, 17, 4, 0, 0, '14/03/2024', '21/03/2024', '0', '24', '0', '15', '0', '1', '1', '', '0', 0, 1),
(157, 24, 4, 0, 0, '14/03/2024', '21/03/2024', '0', '25', '0', '15', '0', '1', '1', '', '0', 0, 1),
(158, 29, 4, 0, 0, '18/03/2024', '21/03/2024', '0', '22', '0', '15', '0', '1', '1', '', '0', 0, 1),
(159, 29, 3, 0, 0, '18/03/2024', '21/03/2024', '0', '24', '0', '17', '0', '1', '1', '', '0', 0, 1),
(160, 12, 7, 0, 0, '21/03/2024', '24/11/2023', '0', '24', '0', '12', '0', '1', '1', '', '0', 0, 1),
(161, 21, 7, 0, 0, '23/03/2024', '28/03/2024', '0', '55', '0', '12', '0', '1', '1', '', '0', 0, 1),
(162, 21, 7, 0, 0, '23/03/2024', '28/03/2024', '0', '55', '0', '12', '0', '1', '1', '', '0', 0, 1),
(163, 21, 7, 0, 0, '23/03/2024', '28/03/2024', '0', '55', '0', '12', '0', '1', '1', '', '0', 0, 1),
(164, 21, 3, 0, 0, '28/03/2024', '06/04/2024', '0', '26', '0', '17', '0', '1', '1', '', '0', 0, 1),
(165, 6, 6, 0, 0, '28/03/2024', '28/03/2024', '0', '28', '0', '15', '0', '1', '1', '', '0', 0, 1),
(166, 6, 6, 0, 1, '28/03/2024', '28/03/2024', '0', '28', '0', '15', '0', '1', '1', '', '0', 0, 1),
(167, 41, 3, 0, 0, '03/04/2024', '05/04/2024', '0', '24', '0', '17', '0', '1', '1', '', '0', 0, 1),
(168, 5, 4, 0, 0, '05/04/2024', '06/04/2024', '0', '28', '0', '15', '0', '1', '1', '', '0', 0, 1),
(169, 36, 4, 0, 0, '08/04/2024', '15/04/2024', '0', '24', '0', '15', '0', '1', '1', '', '0', 0, 1),
(170, 4, 3, 0, 0, '09/04/2024', '10/04/2024', '0', '28', '0', '17', '0', '1', '1', '', '0', 0, 1),
(171, 20, 4, 0, 0, '11/04/2024', '18/04/2024', '0', '24', '0', '15', '0', '1', '1', '', '0', 0, 1),
(172, 29, 3, 0, 0, '11/04/2024', '18/04/2024', '0', '24', '0', '17', '0', '1', '1', '', '0', 0, 1),
(173, 24, 4, 0, 0, '11/04/2024', '18/04/2024', '0', '25', '0', '15', '0', '1', '1', '', '0', 0, 1),
(174, 20, 4, 0, 0, '28/04/2024', '18/04/2024', '0', '24', '0', '15', '0', '1', '1', '', '0', 0, 1),
(175, 6, 6, 0, 1, '28/04/2024', '21/04/2024', '0', '29', '0', '15', '0', '1', '1', '', '0', 0, 1),
(176, 6, 6, 0, 1, '28/04/2024', '21/04/2024', '0', '69', '0', '15', '0', '1', '1', '', '0', 0, 1),
(177, 6, 6, 0, 1, '28/04/2024', '21/04/2024', '0', '29', '0', '15', '0', '1', '1', '', '0', 0, 1),
(178, 2, 5, 0, 4, '28/04/2024', '21/04/2024', '0', '27', '0', '12', '0', '1', '1', '', '0', 0, 1),
(179, 13, 1, 0, 13, '28/04/2024', '21/04/2024', '0', '25', '0', '15', '0', '1', '1', '', '0', 0, 1),
(180, 3, 1, 0, 5, '28/04/2024', '21/04/2024', '0', '30', '0', '15', '0', '1', '1', '', '0', 0, 1),
(181, 3, 1, 0, 5, '28/04/2024', '21/04/2024', '0', '30', '0', '15', '0', '1', '1', '', '0', 0, 1),
(182, 3, 1, 0, 5, '28/04/2024', '21/04/2024', '0', '30', '0', '15', '0', '1', '1', '', '0', 0, 1),
(183, 28, 1, 0, 10, '28/04/2024', '18/04/2024', '0', '24', '0', '15', '0', '1', '1', '', '0', 0, 1),
(184, 28, 1, 0, 31, '28/04/2024', '18/04/2024', '0', '24', '0', '15', '0', '1', '1', '', '0', 0, 1),
(185, 3, 1, 0, 5, '28/04/2024', '26/04/2024', '0', '30', '0', '15', '0', '1', '1', '', '0', 0, 1),
(186, 3, 1, 0, 5, '28/04/2024', '26/04/2024', '0', '30', '0', '15', '0', '1', '1', '', '0', 0, 1),
(187, 32, 4, 0, 10, '28/04/2024', '03/05/2024', '0', '22', '0', '15', '0', '1', '1', '', '0', 0, 1),
(188, 21, 7, 0, 10, '28/04/2024', '29/04/2024', '0', '54', '0', '12', '0', '1', '1', '', '0', 0, 1),
(189, 21, 7, 0, 10, '28/04/2024', '29/04/2024', '0', '54', '0', '12', '0', '1', '1', '', '0', 0, 1),
(190, 29, 4, 0, 30, '03/05/2024', '09/05/2024', '0', '24', '0', '15', '0', '1', '1', '', '0', 0, 1),
(191, 8, 1, 0, 10, '09/05/2024', '16/05/2024', '0', '25', '60', '15', '0', '1', '1', '', '0', 0, 1),
(192, 1, 2, 0, 32, '16/05/2024', '16/05/2024', '0', '25', '0', '0', '0', '1', '1', '', '1', 0, 1),
(193, 45, 7, 0, 33, '30/05/2024', '03/06/2024', '0', '54', '0', '12', '0', '1', '1', '', '0', 0, 1),
(194, 49, 7, 0, 34, '07/06/2024', '10/06/2024', '0', '55', '0', '12', '0', '1', '1', '', '0', 0, 1),
(195, 8, 3, 0, 0, '12/06/2024', '15/06/2024', '0', '25', '0', '17', '0', '1', '1', '', '0', 0, 1),
(196, 7, 4, 0, 0, '12/06/2024', '15/06/2024', '0', '25', '0', '15', '0', '1', '1', '15 Grommets changed', '0', 17, 1),
(197, 21, 10, 9, 36, '12/06/2024', '14/06/2024', '0', '56', '53', '12', '0', '0', '1', '', '0', 14, 1),
(198, 21, 10, 9, 35, '12/06/2024', '14/06/2024', '0', '56', '53', '12', '0', '0', '1', '', '0', 15, 1),
(199, 21, 8, 0, 35, '12/06/2024', '14/06/2024', '0', '53', '53', '12', '0', '0', '1', 'Grommet bank broken. Added new grommet to cross hole 16. ', '0', 0, 1),
(200, 29, 4, 0, 37, '14/06/2024', '20/06/2024', '0', '25', '70', '15', '0', '1', '1', '', '0', 10, 1),
(201, 1, 3, 0, 32, '15/06/2024', '17/06/2024', '0', '25', '0', '0', '0', '1', '1', '', '1', 0, 1),
(202, 29, 3, 0, 0, '20/06/2024', '27/06/2024', '0', '25', '0', '17', '0', '1', '1', '', '0', 20, 1),
(203, 29, 4, 0, 15, '20/06/2024', '27/06/2024', '0', '24', '0', '15', '0', '1', '1', '', '0', 19, 1),
(204, 49, 11, 0, 38, '25/06/2024', '27/06/2024', '0', '55', '0', '12', '0', '1', '1', '', '0', 21, 1),
(205, 29, 3, 0, 18, '27/06/2024', '28/06/2024', '0', '25', '0', '17', '0', '1', '1', '', '0', 22, 1),
(206, 50, 4, 0, 39, '27/06/2024', '29/06/2024', '0', '26', '35', '12', '0', '1', '0', '', '0', 24, 1),
(207, 50, 4, 0, 39, '27/06/2024', '28/06/2024', '0', '26', '0', '12', '0', '1', '0', '', '0', 23, 1),
(208, 4, 3, 0, 41, '16/07/2024', '23/07/2024', '0', '28', '70', '17', '0', '1', '0', '', '0', 0, 1),
(209, 6, 6, 0, 1, '18/07/2024', '20/07/2024', '0', '29', '0', '15', '0', '0', '0', '', '0', 0, 1),
(210, 2, 5, 0, 5, '18/07/2024', '20/07/2024', '0', '28', '0', '12', '0', '0', '0', '', '0', 0, 1),
(211, 52, 7, 0, 40, '15/07/2024', '16/07/2024', '0', '55', '55', '12', '0', '1', '1', '', '0', 25, 1),
(212, 52, 7, 0, 40, '15/07/2024', '16/07/2024', '0', '55', '55', '12', '0', '1', '1', '', '0', 26, 1),
(213, 3, 3, 13, 8, '18/07/2024', '18/07/2024', '0', '30', '0', '15', '0', '0', '0', 'test \' \"\" `', '0', 0, 1),
(214, 5, 13, 0, 1, '21/07/2024', '21/07/2024', '0', '28', '28', '15', '0', '0', '0', '', '0', 0, 6),
(215, 1, 4, 0, 1, '21/07/2024', '21/07/2024', '0', '25', '25', '17', '0', '0', '0', '', '0', 0, 6),
(216, 6, 4, 4, 1, '22/07/2024', '22/07/2024', '0', '29', '29', '15', '0', '0', '0', '', '0', 0, 1),
(217, 6, 4, 4, 1, '22/07/2024', '22/07/2024', '0', '29', '29', '15', '0', '0', '0', '', '0', 0, 1),
(218, 6, 4, 0, 1, '22/07/2024', '22/07/2024', '0', '29', '0', '15', '0', '0', '0', '', '0', 0, 1),
(219, 3, 13, 3, 8, '23/07/2024', '23/07/2024', '0', '30', '0', '15', '0', '0', '0', '', '0', 0, 1),
(220, 3, 17, 17, 42, '23/07/2024', '23/07/2024', '0', '30', '30', '15', '0', '0', '0', '', '0', 0, 1);

--
-- Indexes for dumped tables
--

--
-- Indexes for table `accounts`
--
ALTER TABLE `accounts`
  ADD PRIMARY KEY (`id`);

--
-- Indexes for table `all_string`
--
ALTER TABLE `all_string`
  ADD PRIMARY KEY (`string_id`);

--
-- Indexes for table `customer`
--
ALTER TABLE `customer`
  ADD PRIMARY KEY (`cust_ID`);

--
-- Indexes for table `grip`
--
ALTER TABLE `grip`
  ADD PRIMARY KEY (`gripid`);

--
-- Indexes for table `images`
--
ALTER TABLE `images`
  ADD PRIMARY KEY (`id`);

--
-- Indexes for table `rackets`
--
ALTER TABLE `rackets`
  ADD PRIMARY KEY (`racketid`);

--
-- Indexes for table `reel_lengths`
--
ALTER TABLE `reel_lengths`
  ADD PRIMARY KEY (`reel_length_id`);

--
-- Indexes for table `settings`
--
ALTER TABLE `settings`
  ADD PRIMARY KEY (`id`);

--
-- Indexes for table `sport`
--
ALTER TABLE `sport`
  ADD PRIMARY KEY (`sportid`);

--
-- Indexes for table `string`
--
ALTER TABLE `string`
  ADD PRIMARY KEY (`stringid`),
  ADD UNIQUE KEY `stringid` (`stringid`);

--
-- Indexes for table `stringjobs`
--
ALTER TABLE `stringjobs`
  ADD PRIMARY KEY (`job_id`);

--
-- AUTO_INCREMENT for dumped tables
--

--
-- AUTO_INCREMENT for table `accounts`
--
ALTER TABLE `accounts`
  MODIFY `id` int(11) NOT NULL AUTO_INCREMENT, AUTO_INCREMENT=7;

--
-- AUTO_INCREMENT for table `all_string`
--
ALTER TABLE `all_string`
  MODIFY `string_id` int(11) NOT NULL AUTO_INCREMENT, AUTO_INCREMENT=30;

--
-- AUTO_INCREMENT for table `customer`
--
ALTER TABLE `customer`
  MODIFY `cust_ID` int(5) NOT NULL AUTO_INCREMENT, AUTO_INCREMENT=55;

--
-- AUTO_INCREMENT for table `grip`
--
ALTER TABLE `grip`
  MODIFY `gripid` int(11) NOT NULL AUTO_INCREMENT, AUTO_INCREMENT=3;

--
-- AUTO_INCREMENT for table `images`
--
ALTER TABLE `images`
  MODIFY `id` int(11) NOT NULL AUTO_INCREMENT, AUTO_INCREMENT=27;

--
-- AUTO_INCREMENT for table `rackets`
--
ALTER TABLE `rackets`
  MODIFY `racketid` int(7) NOT NULL AUTO_INCREMENT, AUTO_INCREMENT=46;

--
-- AUTO_INCREMENT for table `reel_lengths`
--
ALTER TABLE `reel_lengths`
  MODIFY `reel_length_id` int(3) NOT NULL AUTO_INCREMENT, AUTO_INCREMENT=9;

--
-- AUTO_INCREMENT for table `settings`
--
ALTER TABLE `settings`
  MODIFY `id` int(5) NOT NULL AUTO_INCREMENT, AUTO_INCREMENT=3;

--
-- AUTO_INCREMENT for table `sport`
--
ALTER TABLE `sport`
  MODIFY `sportid` int(4) NOT NULL AUTO_INCREMENT, AUTO_INCREMENT=5;

--
-- AUTO_INCREMENT for table `string`
--
ALTER TABLE `string`
  MODIFY `stringid` int(5) NOT NULL AUTO_INCREMENT, AUTO_INCREMENT=18;

--
-- AUTO_INCREMENT for table `stringjobs`
--
ALTER TABLE `stringjobs`
  MODIFY `job_id` int(10) NOT NULL AUTO_INCREMENT, AUTO_INCREMENT=1001;
COMMIT;

/*!40101 SET CHARACTER_SET_CLIENT=@OLD_CHARACTER_SET_CLIENT */;
/*!40101 SET CHARACTER_SET_RESULTS=@OLD_CHARACTER_SET_RESULTS */;
/*!40101 SET COLLATION_CONNECTION=@OLD_COLLATION_CONNECTION */;
